Count: 2180;
NUMERODEPAGO;METODODEPAGO
2452660;Solicitado
2454155;Solicitado
2477470;Solicitado
2494009;Solicitado
2494010;Solicitado
2683549;Solicitado
2683790;Solicitado
2815978;Solicitado
2916171;Solicitado
2970320;Solicitado
2979810;Legalizado
3142734;Solicitado
3201423;Solicitado
3267521;Solicitado
3308894;Solicitado
3308897;Solicitado
3308901;Solicitado
3308902;Solicitado
3308907;Solicitado
3314495;Solicitado
3314512;Solicitado
3325588;Solicitado
3334665;Solicitado
3334677;Solicitado
3334680;Solicitado
3339711;Solicitado
3339712;Solicitado
3339713;Solicitado
3339716;Solicitado
3339717;Solicitado
3340343;Solicitado
3340347;Solicitado
3340626;Solicitado
3401789;Solicitado
3401790;Solicitado
3411750;Solicitado
3411755;Solicitado
3448875;Solicitado
3460373;Solicitado
3461402;Solicitado
3461405;Solicitado
3467379;Solicitado
3475907;Solicitado
3478341;Solicitado
3478380;Solicitado
3482575;Solicitado
3486364;Solicitado
3488975;Solicitado
3489800;Solicitado
3489801;Solicitado
3489803;Solicitado
3489804;Solicitado
3513696;Solicitado
3513701;Solicitado
3518071;Solicitado
3520178;Solicitado
3531297;Solicitado
3531332;Solicitado
3531412;Solicitado
3531782;Solicitado
3533645;Solicitado
3535920;Solicitado
3535921;Solicitado
3535923;Solicitado
3535924;Solicitado
3535925;Solicitado
3535926;Solicitado
3535927;Solicitado
3535928;Solicitado
3535930;Solicitado
3535931;Solicitado
3535935;Solicitado
3536000;Solicitado
3536003;Solicitado
3536004;Solicitado
3536005;Solicitado
3536006;Solicitado
3536008;Solicitado
3536009;Solicitado
3536011;Solicitado
3536012;Solicitado
3536013;Solicitado
3536014;Solicitado
3536015;Solicitado
3536017;Solicitado
3536018;Solicitado
3536019;Solicitado
3536020;Solicitado
3536021;Solicitado
3536022;Solicitado
3536024;Solicitado
3536335;Solicitado
3536336;Solicitado
3536337;Solicitado
3536338;Solicitado
3536341;Solicitado
3536342;Solicitado
3536344;Solicitado
3537472;Solicitado
3537634;Solicitado
3545543;Solicitado
3545914;Solicitado
3545950;Solicitado
3545952;Solicitado
3545953;Solicitado
3545955;Solicitado
3545956;Solicitado
3545961;Solicitado
3546058;Solicitado
3546122;Solicitado
3546276;Solicitado
3551935;Solicitado
3552400;Solicitado
3552413;Solicitado
3552455;Solicitado
3552466;Solicitado
3552469;Solicitado
3552477;Solicitado
3553019;Solicitado
3567448;Solicitado
3567501;Solicitado
3567515;Solicitado
3567521;Solicitado
3567634;Solicitado
3567667;Solicitado
3567668;Solicitado
3567685;Solicitado
3567686;Solicitado
3567689;Solicitado
3569920;Solicitado
3569921;Solicitado
3569922;Solicitado
3569982;Solicitado
3569983;Solicitado
3569984;Solicitado
3570060;Solicitado
3577055;Solicitado
3578798;Solicitado
3578800;Solicitado
3578802;Solicitado
3578804;Solicitado
3578818;Solicitado
3578823;Solicitado
3578857;Solicitado
3578859;Solicitado
3578867;Solicitado
3578871;Solicitado
3580008;Solicitado
3580190;Solicitado
3580327;Solicitado
3581317;Solicitado
3581340;Solicitado
3584710;Solicitado
3584735;Solicitado
3584740;Solicitado
3584856;Solicitado
3584857;Solicitado
3584901;Solicitado
3584946;Solicitado
3584947;Solicitado
3585274;Solicitado
3588318;Solicitado
3589034;Solicitado
3589063;Solicitado
3589064;Solicitado
3589069;Solicitado
3589070;Solicitado
3589071;Solicitado
3589072;Solicitado
3589073;Solicitado
3589074;Solicitado
3589077;Solicitado
3589078;Solicitado
3589079;Solicitado
3589159;Solicitado
3589160;Solicitado
3589176;Solicitado
3602446;Solicitado
3602893;Solicitado
3603949;Solicitado
3604306;Solicitado
3604320;Solicitado
3604355;Solicitado
3604416;Solicitado
3604442;Solicitado
3604445;Solicitado
3604447;Solicitado
3604453;Solicitado
3608159;Solicitado
3614950;Solicitado
3616068;Solicitado
3616180;Solicitado
3616292;Solicitado
3616477;Solicitado
3628485;Solicitado
3632329;Solicitado
3632375;Solicitado
3633074;Solicitado
3633081;Solicitado
3633084;Solicitado
3634071;Solicitado
3634072;Solicitado
3634073;Solicitado
3634075;Solicitado
3634104;Solicitado
3634145;Solicitado
3634147;Solicitado
3634148;Solicitado
3634211;Solicitado
3634216;Solicitado
3634222;Solicitado
3634230;Solicitado
3634240;Solicitado
3634241;Solicitado
3634242;Solicitado
3634245;Solicitado
3634246;Solicitado
3634250;Solicitado
3634251;Solicitado
3634254;Solicitado
3634258;Solicitado
3634259;Solicitado
3634260;Solicitado
3634263;Solicitado
3634264;Solicitado
3634266;Solicitado
3634267;Solicitado
3634273;Solicitado
3634279;Solicitado
3634291;Solicitado
3634293;Solicitado
3634294;Solicitado
3634295;Solicitado
3634296;Solicitado
3634298;Solicitado
3634301;Solicitado
3634303;Solicitado
3634305;Solicitado
3634306;Solicitado
3634309;Solicitado
3634311;Solicitado
3634313;Solicitado
3634315;Solicitado
3634317;Solicitado
3634320;Solicitado
3634322;Solicitado
3634325;Solicitado
3634328;Solicitado
3634331;Solicitado
3634332;Solicitado
3634335;Solicitado
3634344;Solicitado
3634347;Solicitado
3634348;Solicitado
3634386;Solicitado
3634388;Solicitado
3634390;Solicitado
3634392;Solicitado
3634393;Solicitado
3634394;Solicitado
3634395;Solicitado
3634397;Solicitado
3634399;Solicitado
3634404;Solicitado
3634405;Solicitado
3634409;Solicitado
3634411;Solicitado
3634412;Solicitado
3634415;Solicitado
3634417;Solicitado
3634418;Solicitado
3634420;Solicitado
3634421;Solicitado
3634422;Solicitado
3634423;Solicitado
3634426;Solicitado
3634427;Solicitado
3634429;Solicitado
3634430;Solicitado
3634433;Solicitado
3634434;Solicitado
3634436;Solicitado
3634437;Solicitado
3634439;Solicitado
3634441;Solicitado
3634443;Solicitado
3634446;Solicitado
3634448;Solicitado
3634449;Solicitado
3634450;Solicitado
3634452;Solicitado
3634474;Solicitado
3634479;Solicitado
3634502;Solicitado
3634506;Solicitado
3634510;Solicitado
3634511;Solicitado
3634513;Solicitado
3634515;Solicitado
3634516;Solicitado
3634518;Solicitado
3634519;Solicitado
3634521;Solicitado
3634522;Solicitado
3634524;Solicitado
3634525;Solicitado
3634527;Solicitado
3634529;Solicitado
3634531;Solicitado
3634532;Solicitado
3634533;Solicitado
3634535;Solicitado
3634540;Solicitado
3634542;Solicitado
3634543;Solicitado
3634555;Solicitado
3634558;Solicitado
3634559;Solicitado
3634562;Solicitado
3634566;Solicitado
3634568;Solicitado
3634569;Solicitado
3634570;Solicitado
3634571;Solicitado
3634574;Solicitado
3634575;Solicitado
3634576;Solicitado
3634579;Solicitado
3634580;Solicitado
3634581;Solicitado
3634582;Solicitado
3634585;Solicitado
3634586;Solicitado
3634587;Solicitado
3634588;Solicitado
3634590;Solicitado
3634604;Solicitado
3634606;Solicitado
3634607;Solicitado
3634609;Solicitado
3634610;Solicitado
3634613;Solicitado
3634615;Solicitado
3634616;Solicitado
3634618;Solicitado
3634667;Solicitado
3634668;Solicitado
3634670;Solicitado
3634672;Solicitado
3634673;Solicitado
3634675;Solicitado
3634676;Solicitado
3634680;Solicitado
3634682;Solicitado
3634684;Solicitado
3634689;Solicitado
3634707;Solicitado
3634722;Solicitado
3634728;Solicitado
3634729;Solicitado
3634747;Solicitado
3634764;Solicitado
3634802;Solicitado
3635020;Solicitado
3635021;Solicitado
3635027;Solicitado
3635028;Solicitado
3635128;Solicitado
3635129;Solicitado
3635130;Solicitado
3635131;Solicitado
3635132;Solicitado
3635133;Solicitado
3635152;Solicitado
3635153;Solicitado
3635154;Solicitado
3635155;Solicitado
3635156;Solicitado
3635168;Solicitado
3635169;Solicitado
3635170;Solicitado
3635172;Solicitado
3635173;Solicitado
3635174;Solicitado
3635175;Solicitado
3635176;Solicitado
3635177;Solicitado
3635178;Solicitado
3635179;Solicitado
3635180;Solicitado
3635181;Solicitado
3635182;Solicitado
3635183;Solicitado
3635184;Solicitado
3635185;Solicitado
3635186;Solicitado
3635187;Solicitado
3635188;Solicitado
3635189;Solicitado
3635190;Solicitado
3635191;Solicitado
3635192;Solicitado
3635193;Solicitado
3635194;Solicitado
3635195;Solicitado
3635196;Solicitado
3635197;Solicitado
3635198;Solicitado
3635199;Solicitado
3635200;Solicitado
3635201;Solicitado
3635203;Solicitado
3635204;Solicitado
3635205;Solicitado
3635206;Solicitado
3635207;Solicitado
3635208;Solicitado
3635211;Solicitado
3635215;Solicitado
3635220;Solicitado
3635224;Solicitado
3635227;Solicitado
3635228;Solicitado
3635234;Solicitado
3635240;Solicitado
3635242;Solicitado
3635243;Solicitado
3635244;Solicitado
3635245;Solicitado
3635249;Solicitado
3635254;Solicitado
3635257;Solicitado
3635258;Solicitado
3635259;Solicitado
3635261;Solicitado
3635262;Solicitado
3635264;Solicitado
3635265;Solicitado
3635266;Solicitado
3635267;Solicitado
3635268;Solicitado
3635269;Solicitado
3635270;Solicitado
3635272;Solicitado
3635273;Solicitado
3635274;Solicitado
3635275;Solicitado
3635276;Solicitado
3635278;Solicitado
3635279;Solicitado
3635282;Solicitado
3635283;Solicitado
3635286;Solicitado
3635288;Solicitado
3635290;Solicitado
3635291;Solicitado
3635292;Solicitado
3635293;Solicitado
3635294;Solicitado
3635307;Solicitado
3635309;Solicitado
3635310;Solicitado
3635315;Solicitado
3635316;Solicitado
3635317;Solicitado
3635318;Solicitado
3635319;Solicitado
3635320;Solicitado
3635322;Solicitado
3635324;Solicitado
3635325;Solicitado
3635326;Solicitado
3635328;Solicitado
3635331;Solicitado
3635332;Solicitado
3635333;Solicitado
3635334;Solicitado
3635335;Solicitado
3635336;Solicitado
3635337;Solicitado
3635338;Solicitado
3635340;Solicitado
3635343;Solicitado
3635344;Solicitado
3635345;Solicitado
3635351;Solicitado
3635353;Solicitado
3635354;Solicitado
3635355;Solicitado
3635356;Solicitado
3635357;Solicitado
3635358;Solicitado
3635359;Solicitado
3635360;Solicitado
3635361;Solicitado
3635362;Solicitado
3635363;Solicitado
3635364;Solicitado
3635365;Solicitado
3635366;Solicitado
3635367;Solicitado
3635368;Solicitado
3635370;Solicitado
3635371;Solicitado
3635372;Solicitado
3635373;Solicitado
3635374;Solicitado
3635375;Solicitado
3635377;Solicitado
3635378;Solicitado
3635379;Solicitado
3635380;Solicitado
3635381;Solicitado
3635392;Solicitado
3635397;Solicitado
3635398;Solicitado
3635407;Solicitado
3635409;Solicitado
3635410;Solicitado
3635411;Solicitado
3635412;Solicitado
3635413;Solicitado
3635415;Solicitado
3635417;Solicitado
3635418;Solicitado
3635419;Solicitado
3635420;Solicitado
3635421;Solicitado
3635422;Solicitado
3635423;Solicitado
3635430;Solicitado
3635436;Solicitado
3635437;Solicitado
3635438;Solicitado
3635440;Solicitado
3635441;Solicitado
3635463;Solicitado
3635466;Solicitado
3635536;Solicitado
3635551;Solicitado
3635561;Solicitado
3635682;Solicitado
3635840;Solicitado
3636159;Solicitado
3636557;Solicitado
3636558;Solicitado
3636567;Solicitado
3636616;Solicitado
3636620;Solicitado
3636622;Solicitado
3636623;Solicitado
3636624;Solicitado
3636625;Solicitado
3636626;Solicitado
3636630;Solicitado
3636631;Solicitado
3636633;Solicitado
3636634;Solicitado
3636665;Solicitado
3636786;Solicitado
3636949;Solicitado
3636951;Solicitado
3636960;Solicitado
3636962;Solicitado
3636966;Solicitado
3637028;Solicitado
3637180;Solicitado
3637188;Solicitado
3637197;Solicitado
3637205;Solicitado
3637209;Solicitado
3637210;Solicitado
3637211;Solicitado
3637214;Solicitado
3637216;Solicitado
3637219;Solicitado
3637221;Solicitado
3637226;Solicitado
3637229;Solicitado
3637230;Solicitado
3637232;Solicitado
3637234;Solicitado
3637235;Solicitado
3637241;Solicitado
3637242;Solicitado
3637245;Solicitado
3637292;Solicitado
3637308;Solicitado
3637679;Solicitado
3638649;Solicitado
3638652;Solicitado
3638712;Solicitado
3639307;Solicitado
3639326;Solicitado
3639355;Solicitado
3639362;Solicitado
3639363;Solicitado
3639364;Solicitado
3639367;Solicitado
3639370;Solicitado
3639371;Solicitado
3639372;Solicitado
3639373;Solicitado
3639374;Solicitado
3639375;Solicitado
3639377;Solicitado
3639378;Solicitado
3639379;Solicitado
3639380;Solicitado
3639381;Solicitado
3639382;Solicitado
3639384;Solicitado
3639385;Solicitado
3639386;Solicitado
3639387;Solicitado
3639388;Solicitado
3639389;Solicitado
3639390;Solicitado
3639391;Solicitado
3639392;Solicitado
3639393;Solicitado
3639394;Solicitado
3639395;Solicitado
3639396;Solicitado
3639397;Solicitado
3639399;Solicitado
3639400;Solicitado
3639401;Solicitado
3639403;Solicitado
3639404;Solicitado
3639405;Solicitado
3639406;Solicitado
3639407;Solicitado
3639408;Solicitado
3639410;Solicitado
3639411;Solicitado
3639412;Solicitado
3639413;Solicitado
3639414;Solicitado
3639415;Solicitado
3639416;Solicitado
3639417;Solicitado
3639418;Solicitado
3639419;Solicitado
3639420;Solicitado
3639421;Solicitado
3639422;Solicitado
3639424;Solicitado
3639425;Solicitado
3639426;Solicitado
3639427;Solicitado
3639429;Solicitado
3639430;Solicitado
3639431;Solicitado
3639432;Solicitado
3639434;Solicitado
3639435;Solicitado
3639436;Solicitado
3639437;Solicitado
3639438;Solicitado
3639439;Solicitado
3639440;Solicitado
3639441;Solicitado
3639442;Solicitado
3639444;Solicitado
3639445;Solicitado
3639446;Solicitado
3639447;Solicitado
3639448;Solicitado
3639449;Solicitado
3639450;Solicitado
3639451;Solicitado
3639452;Solicitado
3639453;Solicitado
3639455;Solicitado
3639456;Solicitado
3639457;Solicitado
3639458;Solicitado
3639459;Solicitado
3639460;Solicitado
3639461;Solicitado
3639462;Solicitado
3639464;Solicitado
3639465;Solicitado
3639466;Solicitado
3639467;Solicitado
3639468;Solicitado
3639469;Solicitado
3639470;Solicitado
3639471;Solicitado
3639472;Solicitado
3639473;Solicitado
3639474;Solicitado
3639475;Solicitado
3639477;Solicitado
3639478;Solicitado
3639479;Solicitado
3639480;Solicitado
3639481;Solicitado
3639482;Solicitado
3639483;Solicitado
3639484;Solicitado
3639485;Solicitado
3639486;Solicitado
3639487;Solicitado
3639488;Solicitado
3639489;Solicitado
3639490;Solicitado
3639491;Solicitado
3639492;Solicitado
3639493;Solicitado
3639494;Solicitado
3639495;Solicitado
3639496;Solicitado
3639497;Solicitado
3639501;Solicitado
3639503;Solicitado
3639504;Solicitado
3639505;Solicitado
3639506;Solicitado
3639507;Solicitado
3639509;Solicitado
3639510;Solicitado
3639511;Solicitado
3639512;Solicitado
3639514;Solicitado
3639515;Solicitado
3639516;Solicitado
3639522;Solicitado
3639523;Solicitado
3639524;Solicitado
3639525;Solicitado
3639527;Solicitado
3639529;Solicitado
3639536;Solicitado
3639539;Solicitado
3639547;Solicitado
3639549;Solicitado
3639554;Solicitado
3639556;Solicitado
3639565;Solicitado
3639569;Solicitado
3639571;Solicitado
3639573;Solicitado
3639576;Solicitado
3639577;Solicitado
3639578;Solicitado
3639579;Solicitado
3639580;Solicitado
3639582;Solicitado
3639583;Solicitado
3639584;Solicitado
3639585;Solicitado
3639587;Solicitado
3639589;Solicitado
3639590;Solicitado
3639591;Solicitado
3639592;Solicitado
3639593;Solicitado
3639594;Solicitado
3639595;Solicitado
3639596;Solicitado
3639597;Solicitado
3639598;Solicitado
3639599;Solicitado
3639600;Solicitado
3639601;Solicitado
3639602;Solicitado
3639603;Solicitado
3639604;Solicitado
3639605;Solicitado
3639607;Solicitado
3639608;Solicitado
3639609;Solicitado
3639610;Solicitado
3639611;Solicitado
3639613;Solicitado
3639615;Solicitado
3639616;Solicitado
3639617;Solicitado
3639618;Solicitado
3639619;Solicitado
3639620;Solicitado
3639621;Solicitado
3639622;Solicitado
3639623;Solicitado
3639624;Solicitado
3639625;Solicitado
3639626;Solicitado
3639627;Solicitado
3639628;Solicitado
3639629;Solicitado
3639630;Solicitado
3639631;Solicitado
3639632;Solicitado
3639633;Solicitado
3639634;Solicitado
3639635;Solicitado
3639636;Solicitado
3639637;Solicitado
3639639;Solicitado
3639640;Solicitado
3639641;Solicitado
3639642;Solicitado
3639643;Solicitado
3639644;Solicitado
3639645;Solicitado
3639646;Solicitado
3639647;Solicitado
3639648;Solicitado
3639649;Solicitado
3639651;Solicitado
3639652;Solicitado
3639653;Solicitado
3639654;Solicitado
3639655;Solicitado
3639656;Solicitado
3639657;Solicitado
3639659;Solicitado
3639661;Solicitado
3639662;Solicitado
3639664;Solicitado
3639666;Solicitado
3639667;Solicitado
3639671;Solicitado
3639672;Solicitado
3639691;Solicitado
3639698;Solicitado
3639806;Solicitado
3640273;Solicitado
3640291;Solicitado
3640292;Solicitado
3640301;Solicitado
3640306;Solicitado
3640311;Solicitado
3640313;Solicitado
3640314;Solicitado
3640316;Solicitado
3640445;Solicitado
3640732;Solicitado
3640887;Solicitado
3640897;Solicitado
3640906;Solicitado
3640908;Solicitado
3640909;Solicitado
3640913;Solicitado
3640915;Solicitado
3640918;Solicitado
3640919;Solicitado
3640921;Solicitado
3640925;Solicitado
3640926;Solicitado
3640929;Solicitado
3640930;Solicitado
3640931;Solicitado
3640933;Solicitado
3640935;Solicitado
3640936;Solicitado
3640937;Solicitado
3640938;Solicitado
3640939;Solicitado
3640944;Solicitado
3640945;Solicitado
3640947;Solicitado
3640949;Solicitado
3640950;Solicitado
3640954;Solicitado
3640956;Solicitado
3640957;Solicitado
3640959;Solicitado
3640960;Solicitado
3640961;Solicitado
3640962;Solicitado
3640966;Solicitado
3640981;Solicitado
3640989;Solicitado
3641000;Solicitado
3641002;Solicitado
3641003;Solicitado
3641029;Solicitado
3641034;Solicitado
3641043;Solicitado
3641044;Solicitado
3641045;Solicitado
3641104;Solicitado
3641109;Solicitado
3641112;Solicitado
3641146;Solicitado
3641158;Solicitado
3641211;Solicitado
3641339;Solicitado
3641349;Solicitado
3641350;Solicitado
3641351;Solicitado
3641645;Solicitado
3641654;Solicitado
3641713;Solicitado
3641727;Solicitado
3641730;Solicitado
3641755;Solicitado
3641809;Solicitado
3641822;Solicitado
3641824;Solicitado
3641826;Solicitado
3641827;Solicitado
3641829;Solicitado
3641830;Solicitado
3641835;Solicitado
3641836;Solicitado
3641837;Solicitado
3641838;Solicitado
3641840;Solicitado
3641841;Solicitado
3641844;Solicitado
3641848;Solicitado
3641851;Solicitado
3641852;Solicitado
3641853;Solicitado
3641856;Solicitado
3641857;Solicitado
3641858;Solicitado
3641859;Solicitado
3641861;Solicitado
3641863;Solicitado
3641865;Solicitado
3641866;Solicitado
3641868;Solicitado
3641869;Solicitado
3641870;Solicitado
3641871;Solicitado
3641872;Solicitado
3641873;Solicitado
3641874;Solicitado
3641875;Solicitado
3641876;Solicitado
3641878;Solicitado
3641879;Solicitado
3641880;Solicitado
3641881;Solicitado
3641882;Solicitado
3641885;Solicitado
3641888;Solicitado
3641902;Solicitado
3641960;Solicitado
3641982;Solicitado
3642007;Solicitado
3642021;Solicitado
3642026;Solicitado
3642068;Solicitado
3642076;Solicitado
3642082;Solicitado
3642092;Solicitado
3642101;Solicitado
3642161;Solicitado
3642203;Solicitado
3642207;Solicitado
3642208;Solicitado
3642217;Solicitado
3642242;Solicitado
3642267;Solicitado
3642320;Solicitado
3642325;Solicitado
3642328;Solicitado
3642329;Solicitado
3642332;Solicitado
3642333;Solicitado
3642334;Solicitado
3642335;Solicitado
3642336;Solicitado
3642337;Solicitado
3642340;Solicitado
3642341;Solicitado
3642342;Solicitado
3642343;Solicitado
3642347;Solicitado
3642348;Solicitado
3642349;Solicitado
3642351;Solicitado
3642364;Solicitado
3645106;Solicitado
3645107;Solicitado
3645113;Solicitado
3645157;Solicitado
3645158;Solicitado
3645159;Solicitado
3645161;Solicitado
3645168;Solicitado
3645169;Solicitado
3645171;Solicitado
3645174;Solicitado
3647214;Solicitado
3647261;Solicitado
3647262;Solicitado
3648122;Solicitado
3648241;Solicitado
3648249;Solicitado
3648312;Solicitado
3648324;Solicitado
3648355;Solicitado
3648372;Solicitado
3651863;Solicitado
3652099;Solicitado
3654030;Solicitado
3658877;Solicitado
3662822;Solicitado
3669722;Solicitado
3669739;Solicitado
3669742;Solicitado
3669748;Solicitado
3678397;Solicitado
3697784;Solicitado
3697785;Solicitado
3697788;Solicitado
3697789;Solicitado
3715224;Solicitado
3715227;Solicitado
3715532;Solicitado
3720343;Solicitado
3722638;Solicitado
3724641;Solicitado
3724656;Solicitado
3725573;Solicitado
3725603;Solicitado
3735229;Solicitado
3737258;Solicitado
3738213;Solicitado
3742793;Solicitado
3742810;Solicitado
3749383;Solicitado
3754873;Solicitado
3755898;Solicitado
3760217;Solicitado
3763142;Solicitado
3763143;Solicitado
3763146;Solicitado
3763148;Solicitado
3763151;Solicitado
3764470;Solicitado
3764472;Solicitado
3764474;Solicitado
3765505;Solicitado
3765509;Solicitado
3765512;Solicitado
3765516;Solicitado
3765526;Solicitado
3765683;Solicitado
3765717;Solicitado
3765718;Solicitado
3765726;Solicitado
3765729;Solicitado
3771026;Solicitado
3771699;Solicitado
3774183;Solicitado
3777901;Solicitado
3778151;Solicitado
3778462;Solicitado
3779070;Solicitado
3785803;Solicitado
3786062;Solicitado
3792658;Solicitado
3792664;Solicitado
3793056;Solicitado
3793085;Solicitado
3793120;Solicitado
3793125;Solicitado
3793157;Solicitado
3793165;Solicitado
3800973;Solicitado
3806417;Solicitado
3811870;Solicitado
3811871;Solicitado
3831741;Solicitado
3832723;Solicitado
3832734;Solicitado
3832742;Solicitado
3832991;Solicitado
3833745;Solicitado
3833748;Solicitado
3833777;Solicitado
3833790;Solicitado
3843917;Legalizado
3843925;Legalizado
3843929;Legalizado
3843934;Legalizado
3843937;Legalizado
3843941;Legalizado
3843942;Legalizado
3843955;Legalizado
3844656;Solicitado
3844666;Solicitado
3849987;Solicitado
3850045;Solicitado
3855846;Solicitado
3855887;Solicitado
3855957;Solicitado
3855966;Solicitado
3856156;Solicitando
3856161;Solicitando
3858261;Solicitado
3862649;Solicitado
3863748;Solicitado
3864743;Solicitado
3872176;Legalizado
3880089;Solicitado
3880095;Solicitado
3880347;Solicitado
3880770;Solicitado
3881906;Solicitado
3882046;Legalizado
3882106;Solicitado
3882186;Solicitado
3898611;Solicitado
3898990;Solicitando
3899031;Solicitando
3903341;Solicitado
3904372;Solicitado
3904388;Solicitado
3909528;Solicitado
3931217;Solicitado
3931223;Solicitado
3931226;Solicitado
3931232;Solicitado
3931295;Solicitado
3932108;Solicitado
3932109;Solicitado
3932112;Solicitado
3933123;Solicitado
3960517;Solicitado
3960528;Solicitado
3960564;Solicitado
3961850;Solicitado
3961852;Solicitado
3961854;Solicitado
3961956;Solicitado
3961957;Solicitado
3986759;Solicitado
3987078;Solicitado
3987566;Solicitado
4014478;Solicitado
4014577;Solicitado
4014614;Legalizado
4014621;Legalizado
4014628;Legalizado
4014638;Legalizado
4014651;Legalizado
4014659;Legalizado
4025205;Solicitado
4029174;Solicitado
4029829;Solicitado
4033123;Legalizado
4033181;Solicitado
4033187;Solicitado
4033191;Solicitado
4033324;Solicitado
4034220;Solicitado
4034221;Solicitado
4034222;Solicitado
4034223;Solicitado
4034224;Solicitado
4034226;Solicitado
4034366;Solicitado
4034614;Legalizado
4034916;Solicitado
4034917;Solicitado
4034919;Solicitado
4034923;Solicitado
4034924;Solicitado
4034925;Solicitado
4034927;Solicitado
4034928;Solicitado
4034929;Solicitado
4034959;Solicitado
4034965;Solicitado
4034978;Solicitado
4034987;Solicitado
4034990;Solicitado
4035068;Solicitado
4035074;Solicitado
4037672;Solicitado
4039203;Solicitado
4039216;Solicitado
4039228;Solicitado
4039237;Solicitado
4039729;Solicitado
4039819;Solicitado
4040567;Solicitado
4040651;Solicitado
4040654;Solicitado
4044445;Solicitado
4044460;Solicitado
4044940;Solicitado
4044941;Solicitado
4044942;Solicitado
4044992;Solicitado
4045160;Solicitado
4045166;Solicitado
4045169;Solicitado
4046649;Solicitado
4048811;Solicitado
4048812;Solicitado
4049065;Solicitado
4050009;Solicitado
4050059;Solicitado
4050060;Solicitado
4050061;Solicitado
4050069;Solicitado
4050071;Solicitado
4050095;Solicitado
4054826;Solicitado
4054827;Solicitado
4054830;Solicitado
4054831;Solicitado
4054832;Solicitado
4054834;Solicitado
4054849;Solicitado
4054862;Solicitado
4054864;Solicitado
4054865;Solicitado
4054937;Solicitado
4054990;Solicitado
4055591;Solicitado
4056265;Solicitado
4056310;Solicitado
4056638;Solicitado
4059671;Solicitado
4059711;Solicitado
4059717;Solicitado
4059820;Solicitado
4059837;Solicitado
4059945;Solicitado
4062536;Solicitado
4066626;Solicitado
4066628;Solicitado
4066659;Solicitado
4066685;Solicitado
4067378;Solicitado
4067379;Solicitado
4067380;Solicitado
4067381;Solicitado
4067382;Solicitado
4067474;Solicitado
4067475;Solicitado
4067477;Solicitado
4068241;Solicitado
4069043;Solicitado
4069847;Solicitado
4073338;Solicitado
4075146;Solicitado
4075147;Solicitado
4079546;Solicitado
4079840;Solicitado
4079909;Solicitado
4079919;Solicitado
4081290;Solicitado
4082045;Solicitado
4119024;Solicitado
4120302;Solicitado
4120303;Solicitado
4120530;Legalizado
4129799;Solicitado
4138925;Solicitado
4138926;Solicitado
4140129;Solicitado
4148506;Solicitado
4163773;Solicitado
4163829;Solicitado
4163854;Solicitado
4165870;Solicitado
4165871;Solicitado
4167100;Solicitado
4167116;Solicitado
4167179;Legalizado
4167686;Solicitado
4168523;Solicitado
4168525;Solicitado
4168599;Solicitado
4169145;Solicitado
4169790;Solicitado
4169795;Solicitado
4169797;Solicitado
4169798;Solicitado
4169799;Solicitado
4169800;Solicitado
4170015;Solicitado
4170999;Solicitado
4171276;Solicitado
4176278;Solicitado
4213415;Solicitado
4223240;Solicitado
4234195;Solicitado
4234358;Solicitado
4234649;Solicitado
4234650;Solicitado
4234651;Solicitado
4234664;Solicitado
4234869;Solicitado
4234873;Solicitado
4234884;Solicitado
4234973;Solicitado
4234974;Solicitado
4234975;Solicitado
4234976;Solicitado
4234977;Solicitado
4234978;Solicitado
4234987;Solicitado
4237958;Solicitado
4245028;Solicitado
4245172;Solicitado
4245360;Solicitado
4258104;Solicitado
4273890;Solicitado
4273891;Solicitado
4273892;Solicitado
4273893;Solicitado
4273897;Solicitado
4273898;Solicitado
4274154;Solicitado
4274200;Solicitado
4274201;Solicitado
4274422;Solicitado
4275042;Legalizado
4275043;Legalizado
4275044;Legalizado
4275046;Legalizado
4275047;Legalizado
4275049;Legalizado
4275050;Legalizado
4275051;Legalizado
4275052;Legalizado
4275053;Legalizado
4275054;Legalizado
4275055;Legalizado
4275056;Legalizado
4275978;Solicitado
4275981;Solicitado
4275982;Solicitado
4275985;Solicitado
4275986;Solicitado
4275989;Solicitado
4275991;Solicitado
4275994;Solicitado
4275995;Solicitado
4275997;Solicitado
4276138;Solicitado
4276139;Solicitado
4276141;Solicitado
4276143;Solicitado
4276145;Solicitado
4276146;Solicitado
4276147;Solicitado
4276153;Solicitado
4276154;Solicitado
4276155;Solicitado
4276360;Solicitado
4278342;Legalizado
4278345;Legalizado
4279792;Solicitado
4279951;Solicitado
4280020;Solicitado
4280042;Solicitado
4280716;Solicitado
4280717;Solicitado
4280718;Solicitado
4282563;Solicitado
4283609;Solicitado
4283640;Solicitado
4283646;Solicitado
4283648;Solicitado
4284072;Solicitado
4285972;Solicitado
4286001;Solicitado
4286003;Solicitado
4286005;Solicitado
4286011;Solicitado
4287912;Solicitado
4290639;Solicitado
4291631;Solicitado
4293697;Solicitado
4293698;Solicitado
4296749;Legalizado
4300891;Solicitado
4300894;Solicitado
4300895;Solicitado
4300900;Solicitado
4300903;Solicitado
4300907;Solicitado
4301117;Solicitado
4301486;Solicitado
4301491;Solicitado
4301492;Solicitado
4301495;Solicitado
4301609;Solicitado
4301861;Solicitado
4302029;Solicitado
4302030;Solicitado
4302031;Solicitado
4302032;Solicitado
4302034;Solicitado
4302035;Solicitado
4302108;Solicitado
4302110;Solicitado
4302111;Solicitado
4302112;Solicitado
4302119;Solicitado
4302231;Solicitado
4308492;Solicitado
4309592;Solicitado
4314014;Solicitado
4322699;Solicitado
4322701;Solicitado
4322704;Solicitado
4322705;Solicitado
4327606;Solicitado
4337537;Solicitado
4338151;Solicitado
4339048;Solicitado
4339056;Solicitado
4349082;Solicitado
4349085;Solicitado
4349188;Solicitado
4349546;Solicitado
4349578;Solicitado
4349589;Solicitado
4349621;Solicitado
4350763;Solicitado
4351814;Solicitado
4351823;Solicitado
4358918;Solicitado
4359326;Solicitado
4359754;Solicitado
4365401;Solicitado
4365548;Solicitado
4365550;Solicitado
4365551;Solicitado
4365552;Solicitado
4365553;Solicitado
4365555;Solicitado
4365556;Solicitado
4377515;Solicitado
4377517;Solicitado
4377521;Solicitado
4377525;Solicitado
4377736;Solicitado
4378881;Solicitado
4378882;Solicitado
4393618;Solicitado
4396692;Solicitado
4413453;Solicitado
4413592;Solicitado
4414096;Solicitado
4414098;Solicitado
4414106;Solicitado
4414157;Solicitado
4414162;Solicitado
4414347;Solicitado
4414368;Solicitado
4421094;Solicitado
4421288;Solicitado
4421289;Solicitado
4421290;Solicitado
4421292;Solicitado
4421293;Solicitado
4421294;Solicitado
4421295;Solicitado
4421296;Solicitado
4421297;Solicitado
4421298;Solicitado
4421299;Solicitado
4421300;Solicitado
4421301;Solicitado
4421302;Solicitado
4421303;Solicitado
4421304;Solicitado
4421306;Solicitado
4421307;Solicitado
4421308;Solicitado
4421309;Solicitado
4421311;Solicitado
4421312;Solicitado
4421313;Solicitado
4421314;Solicitado
4421315;Solicitado
4421317;Solicitado
4421318;Solicitado
4421319;Solicitado
4421320;Solicitado
4421321;Solicitado
4421322;Solicitado
4421323;Solicitado
4421324;Solicitado
4421325;Solicitado
4421326;Solicitado
4421327;Solicitado
4421328;Solicitado
4421329;Solicitado
4421330;Solicitado
4421334;Solicitado
4421337;Solicitado
4421603;Solicitado
4421617;Solicitado
4421618;Solicitado
4421619;Solicitado
4426502;Solicitado
4426544;Solicitado
4426551;Solicitado
4426601;Solicitado
4426771;Solicitado
4438840;Solicitado
4438926;Solicitado
4438948;Solicitado
4438986;Solicitado
4439031;Solicitado
4439407;Solicitado
4439414;Solicitado
4439419;Solicitado
4439420;Solicitado
4441445;Solicitado
4441452;Solicitado
4441465;Solicitado
4441466;Solicitado
4441511;Solicitado
4441646;Solicitado
4441948;Solicitado
4444762;Solicitado
4445196;Solicitado
4445491;Solicitado
4446042;Solicitado
4446408;Solicitado
4447064;Solicitado
4447798;Solicitado
4448385;Solicitado
4449106;Legalizado
4449142;Solicitado
4449149;Solicitado
4449405;Solicitado
4449429;Solicitado
4449430;Solicitado
4460741;Solicitado
4460742;Solicitado
4460744;Solicitado
4460745;Solicitado
4460746;Solicitado
4460747;Solicitado
4460750;Solicitado
4460870;Solicitado
4460923;Solicitado
4460928;Solicitado
4460929;Solicitado
4460933;Solicitado
4460935;Solicitado
4460936;Solicitado
4460938;Solicitado
4460939;Solicitado
4461333;Solicitado
4461379;Solicitado
4461380;Solicitado
4461381;Solicitado
4461539;Solicitado
4462820;Solicitado
4462821;Solicitado
4463186;Solicitado
4463190;Solicitado
4465629;Solicitado
4475422;Solicitado
4475425;Solicitado
4475426;Solicitado
4475427;Solicitado
4475436;Solicitado
4475437;Solicitado
4475438;Solicitado
4475444;Solicitado
4475453;Solicitado
4475455;Solicitado
4475456;Solicitado
4475457;Solicitado
4475458;Solicitado
4475459;Solicitado
4475460;Solicitado
4475463;Solicitado
4475479;Solicitado
4475528;Solicitado
4475533;Solicitado
4475612;Legalizado
4475616;Legalizado
4475617;Legalizado
4475619;Legalizado
4475620;Legalizado
4475623;Legalizado
4488542;Solicitado
4488545;Solicitado
4488549;Solicitado
4488551;Solicitado
4492994;Solicitado
4493000;Solicitado
4493005;Solicitado
4493010;Solicitado
4493030;Solicitado
4493033;Solicitado
4493043;Solicitado
4493048;Solicitado
4505721;Legalizado
4510873;Solicitado
4512384;Solicitado
4512397;Solicitado
4518972;Solicitado
4518976;Solicitado
4518977;Solicitado
4518987;Solicitado
4519250;Solicitado
4519259;Solicitado
4519260;Solicitado
4519263;Solicitado
4526205;Solicitado
4540670;Solicitado
4541455;Solicitado
4541456;Solicitado
4542225;Solicitado
4543254;Solicitado
4546799;Solicitado
4559246;Solicitado
4560276;Solicitado
4560281;Solicitado
4560721;Solicitado
4562538;Solicitado
4565808;Solicitado
4565809;Solicitado
4565844;Solicitado
4565846;Solicitado
4565848;Solicitado
4565855;Solicitado
4565856;Solicitado
4565862;Solicitado
4565863;Solicitado
4565864;Solicitado
4565865;Solicitado
4565866;Solicitado
4565867;Solicitado
4565870;Solicitado
4565872;Solicitado
4565875;Solicitado
4566049;Solicitado
4566630;Solicitado
4576955;Solicitado
4578025;Solicitado
4578118;Solicitado
4578141;Solicitado
4578203;Solicitado
4578215;Solicitado
4578354;Solicitado
4579066;Solicitado
4579070;Solicitado
4579126;Solicitado
4579133;Solicitado
4579150;Solicitado
4579211;Solicitado
4579238;Solicitado
4579245;Solicitado
4579251;Solicitado
4579295;Solicitado
4579998;Solicitado
4580021;Solicitado
4580039;Solicitado
4580049;Solicitado
4585681;Solicitado
4585811;Solicitado
4585855;Solicitado
4585859;Solicitado
4586172;Solicitado
4586277;Solicitado
4586520;Solicitado
4586549;Solicitado
4586781;Solicitado
4586783;Solicitado
4586785;Solicitado
4586786;Solicitado
4586787;Solicitado
4586791;Solicitado
4587911;Solicitado
4588248;Solicitado
4588322;Solicitado
4589628;Solicitado
4596689;Solicitado
4597690;Solicitado
4597700;Solicitado
4597712;Solicitado
4597715;Solicitado
4598079;Solicitado
4598112;Solicitado
4598236;Solicitado
4598503;Solicitado
4598547;Solicitado
4598973;Solicitado
4605915;Solicitado
4605920;Solicitado
4605924;Solicitado
4606067;Solicitado
4606311;Solicitado
4606448;Solicitado
4606968;Solicitado
4606969;Solicitado
4608176;Solicitado
4608181;Solicitado
4608182;Solicitado
4608185;Solicitado
4608186;Solicitado
4608187;Solicitado
4608193;Solicitado
4608300;Solicitado
4608301;Solicitado
4608302;Solicitado
4608303;Solicitado
4608310;Solicitado
4608311;Solicitado
4608312;Solicitado
4608315;Solicitado
4608318;Solicitado
4608319;Solicitado
4608322;Solicitado
4608324;Solicitado
4608326;Solicitado
4608327;Solicitado
4608328;Solicitado
4608332;Solicitado
4608333;Solicitado
4608334;Solicitado
4608335;Solicitado
4608336;Solicitado
4608339;Solicitado
4608341;Solicitado
4608344;Solicitado
4608346;Solicitado
4608347;Solicitado
4608348;Solicitado
4608349;Solicitado
4608351;Solicitado
4609630;Solicitado
4623331;Solicitado
4623332;Solicitado
4623333;Solicitado
4623335;Solicitado
4623340;Solicitado
4623344;Solicitado
4623348;Solicitado
4623409;Solicitado
4623607;Solicitado
4631849;Solicitado
4631911;Solicitado
4645724;Solicitado
4645725;Solicitado
4646842;Solicitado
4646846;Solicitado
4646847;Solicitado
4646848;Solicitado
4646849;Solicitado
4646857;Solicitado
4646858;Solicitado
4646861;Solicitado
4655958;Solicitado
4663847;Solicitado
4664567;Solicitado
4665280;Solicitado
4665281;Solicitado
4665287;Solicitado
4665290;Solicitado
4667103;Solicitado
4667107;Solicitado
4668090;Solicitado
4673998;Solicitado
4674989;Solicitado
4685380;Solicitado
4687740;Solicitado
4687741;Solicitado
4687742;Solicitado
4687743;Solicitado
4687746;Solicitado
4687766;Solicitado
4687772;Solicitado
4687818;Solicitado
4687820;Solicitado
4687826;Solicitado
4688673;Solicitado
4688676;Solicitado
4688678;Solicitado
4688679;Solicitado
4688681;Solicitado
4688683;Solicitado
4688684;Solicitado
4688687;Solicitado
4688688;Solicitado
4688690;Solicitado
4688691;Solicitado
4688692;Solicitado
4688695;Solicitado
4695021;Solicitado
4700644;Solicitado
4700659;Solicitado
4711114;Solicitado
4715656;Solicitado
4716065;Solicitado
4719680;Solicitado
4719890;Solicitado
4719895;Solicitado
4720166;Legalizado
4720289;Solicitado
4720443;Solicitado
4720730;Solicitado
4720787;Solicitado
4720883;Solicitado
4720884;Solicitado
4721192;Solicitado
4724431;Solicitado
4728168;Solicitado
4728393;Solicitado
4728409;Solicitado
4729258;Solicitado
4730488;Solicitado
4732344;Solicitado
4733593;Solicitado
4733622;Solicitado
4733632;Solicitado
4733651;Solicitado
4733660;Solicitado
4733666;Solicitado
4733695;Solicitado
4733704;Solicitado
4733710;Solicitado
4733719;Solicitado
4733721;Solicitado
4734439;Solicitado
4735187;Solicitado
4735231;Solicitado
4735313;Solicitado
4735672;Legalizado
4735673;Legalizado
4735679;Legalizado
4736048;Solicitado
4736049;Solicitado
4736050;Solicitado
4736051;Solicitado
4736053;Solicitado
4736054;Solicitado
4736055;Solicitado
4736056;Solicitado
4736057;Solicitado
4736058;Solicitado
4736059;Solicitado
4736060;Solicitado
4736061;Solicitado
4736062;Solicitado
4736063;Solicitado
4736064;Solicitado
4736065;Solicitado
4736066;Solicitado
4736067;Solicitado
4736068;Solicitado
4736069;Solicitado
4736070;Solicitado
4736071;Solicitado
4736072;Solicitado
4736073;Solicitado
4736074;Solicitado
4736076;Solicitado
4736077;Solicitado
4736078;Solicitado
4736079;Solicitado
4736080;Solicitado
4736081;Solicitado
4736082;Solicitado
4736083;Solicitado
4736085;Solicitado
4736086;Solicitado
4736087;Solicitado
4736090;Solicitado
4736177;Solicitado
4736247;Solicitado
4736252;Solicitado
4738296;Solicitado
4738470;Solicitado
4738644;Solicitado
4738676;Solicitado
4738810;Solicitado
4739456;Solicitado
4739480;Legalizado
4740312;Legalizado
4742409;Solicitado
4742410;Solicitado
4742413;Solicitado
4742415;Solicitado
4742420;Solicitado
4742427;Solicitado
4742449;Solicitado
4743051;Solicitado
4743055;Solicitado
4743467;Solicitado
4743611;Solicitado
4743697;Solicitado
4745633;Legalizado
4745636;Legalizado
4745639;Legalizado
4745678;Solicitado
4746083;Solicitado
4746199;Solicitado
4748599;Solicitado
4749799;Solicitado
4750065;Solicitado
4750471;Solicitado
4750472;Solicitado
4750473;Solicitado
4750476;Solicitado
4750625;Solicitado
4750786;Solicitado
4750907;Solicitado
4751166;Solicitado
4753596;Solicitado
4754955;Solicitando
4755023;Solicitado
4755158;Solicitado
4758645;Solicitado
4759817;Solicitado
4759838;Solicitado
4760719;Solicitado
4765705;Solicitado
4771423;Solicitado
4771921;Solicitado
4772152;Solicitado
4772744;Solicitado
4772804;Solicitado
4773074;Solicitado
4775526;Solicitado
4775527;Solicitado
4775528;Solicitado
4775529;Solicitado
4775530;Solicitado
4775532;Solicitado
4775533;Solicitado
4775535;Solicitado
4775536;Solicitado
4775537;Solicitado
4775538;Solicitado
4775539;Solicitado
4775541;Solicitado
4775597;Solicitado
4775598;Solicitado
4775601;Solicitado
4775602;Solicitado
4775603;Solicitado
4775604;Solicitado
4775605;Solicitado
4775606;Solicitado
4775608;Solicitado
4775610;Solicitado
4775752;Solicitado
4775815;Solicitado
4775882;Solicitado
4775884;Solicitado
4775886;Solicitado
4775888;Solicitado
4775924;Solicitado
4776398;Solicitado
4776471;Solicitado
4776565;Solicitado
4776594;Solicitado
4776612;Solicitado
4776616;Solicitado
4776661;Solicitado
4776729;Solicitado
4776744;Solicitado
4777165;Solicitado
4777173;Solicitado
4777236;Solicitado
4777427;Solicitado
4777429;Solicitado
4777695;Solicitado
4777711;Solicitado
4777717;Solicitado
4777766;Solicitado
4777770;Solicitado
4777774;Solicitado
4777776;Solicitado
4777799;Solicitado
4777856;Solicitado
4777879;Solicitado
4778131;Solicitado
4778133;Solicitado
4782266;Solicitado
4782268;Solicitado
4790633;Solicitado
4790705;Solicitado
4798237;Solicitado
4800105;Solicitado
4807305;Solicitado
4812145;Solicitado
4812629;Solicitado
4812630;Solicitado
4812631;Solicitado
4812675;Solicitado
4813330;Solicitado
4813746;Solicitado
4814238;Solicitado
4814526;Solicitado
4814597;Solicitado
4814604;Solicitado
4814607;Solicitado
4814609;Solicitado
4814714;Solicitado
4814726;Solicitado
4814732;Solicitado
4814746;Solicitado
4814754;Solicitado
4816287;Solicitado
4816343;Solicitado
4817656;Solicitado
4817657;Solicitado
4817659;Solicitado
4817660;Solicitado
4817661;Solicitado
4817664;Solicitado
4817666;Solicitado
4817669;Solicitado
4817670;Solicitado
4817671;Solicitado
4817675;Solicitado
4817676;Solicitado
4817677;Solicitado
4817679;Solicitado
4818138;Solicitado
4818294;Solicitado
4818296;Solicitado
4818298;Solicitado
4818301;Solicitado
4818305;Solicitado
4818380;Solicitado
4818474;Solicitado
4818478;Solicitado
4818525;Solicitado
4818526;Solicitado
4818529;Solicitado
4818531;Solicitado
4818534;Solicitado
4818537;Solicitado
4818539;Solicitado
4818542;Solicitado
4818615;Solicitado
4818621;Solicitado
4818764;Solicitado
4818772;Solicitado
4826246;Solicitado
4828396;Solicitado
4828397;Solicitado
4828398;Solicitado
4830757;Solicitado
4830758;Solicitado
4830761;Solicitado
4830763;Solicitado
4830764;Solicitado
4831997;Solicitado
4832002;Solicitado
4832005;Solicitado
4832511;Legalizado
4832835;Solicitado
4832973;Solicitado
4832975;Solicitado
4832976;Solicitado
4832977;Solicitado
4832978;Solicitado
4832979;Solicitado
4832980;Solicitado
4832983;Solicitado
4832985;Solicitado
4832986;Solicitado
4832987;Solicitado
4832988;Solicitado
4832989;Solicitado
4832990;Solicitado
4833011;Solicitado
4833014;Solicitado
4833015;Solicitado
4833018;Solicitado
4833096;Solicitado
4833098;Solicitado
4833099;Solicitado
4833101;Solicitado
4833125;Solicitado
4833181;Solicitado
4833194;Solicitado
4833469;Legalizado
4833538;Legalizado
4833541;Legalizado
4833565;Legalizado
4833664;Legalizado
4833675;Legalizado
4833844;Legalizado
4833864;Legalizado
4833883;Legalizado
4834473;Solicitado
4834527;Legalizado
4834794;Solicitado
4834804;Solicitado
4834806;Solicitado
4834807;Legalizado
4834808;Solicitado
4834810;Solicitado
4834812;Solicitado
4834813;Legalizado
4834815;Legalizado
4834816;Solicitado
4834818;Legalizado
4834819;Solicitado
4834820;Legalizado
4834821;Solicitado
4834822;Solicitado
4834823;Legalizado
4834824;Solicitado
4834827;Solicitado
4834829;Legalizado
4834830;Solicitado
4834833;Legalizado
4834835;Legalizado
4834847;Solicitado
4834875;Solicitado
4834890;Legalizado
4834896;Legalizado
4834900;Solicitado
4834923;Legalizado
4834939;Legalizado
4834946;Legalizado
4835329;Solicitado
4835445;Legalizado
4835448;Solicitado
4835449;Legalizado
4835474;Legalizado
4835476;Legalizado
4835546;Legalizado
4835554;Legalizado
4835559;Solicitado
4835566;Legalizado
4835568;Legalizado
4835576;Solicitado
4835585;Legalizado
4835598;Legalizado
4835603;Legalizado
4835604;Legalizado
4835605;Legalizado
4835606;Legalizado
4835607;Legalizado
4835608;Legalizado
4835609;Legalizado
4835610;Legalizado
4835611;Solicitado
4835612;Legalizado
4835614;Legalizado
4835615;Legalizado
4835616;Legalizado
4835617;Legalizado
4835619;Legalizado
4835620;Legalizado
4835621;Legalizado
4835623;Legalizado
4835624;Legalizado
4835625;Solicitado
4835627;Legalizado
4835628;Legalizado
4835629;Solicitado
4835630;Legalizado
4835631;Legalizado
4835633;Solicitado
4835635;Legalizado
4835636;Legalizado
4835638;Legalizado
4835663;Legalizado
4835666;Legalizado
4835668;Legalizado
4835703;Legalizado
4835712;Legalizado
4835715;Legalizado
4835814;Legalizado
4835900;Legalizado
4835907;Legalizado
4836593;Solicitado
4836673;Legalizado
;
;
4816570;No debe completarce 
4816574;
